{"cv_mean": 0.9735211161349419, "accuracy": 0.9883748517200475, "precision": 0.9940898345153665, "recall": 0.986703167774736, "f1": 0.9903827281648675}